id,name,level,position,team,school,class_year,fantasy_points,source_roster,roster_slot
ncaa-001,Julian Sayin,NCAA,QB,OSU,OSU,Jr,368.5,Fantrax,
ncaa-002,Daylan Smothers,NCAA,RB,Tex,Tex,Jr,199.0,Fantrax,
ncaa-003,Duke Watson,NCAA,RB,UCF,UCF,Jr,30.0,Fantrax,
ncaa-004,Jordan Shipp,NCAA,WR,UNC,UNC,Jr,191.95,Fantrax,
ncaa-005,Braylon Staley,NCAA,WR,Tenn,Tenn,So,222.0,Fantrax,
ncaa-006,Trey'Dez Green,NCAA,TE,LSU,LSU,Jr,149.0,Fantrax,
ncaa-007,Houston Thomas,NCAA,TE,TxAM,TxAM,Jr,110.0,Fantrax,
ncaa-008,Colton Joseph,NCAA,QB,Wisc,Wisc,Jr,424.35,Fantrax,
ncaa-009,Noah Kim,NCAA,QB,E Mi,E Mi,Sr,283.5,Fantrax,
ncaa-010,Giovanni Lopez,NCAA,QB,Wake,Wake,Jr,164.45,Fantrax,
ncaa-011,Drew Mestemaker,NCAA,QB,OkSt,OkSt,So,465.3,Fantrax,
ncaa-012,Kenny Minchey,NCAA,QB,KY,KY,Jr,16.7,Fantrax,
ncaa-013,AJ Swann,NCAA,QB,MissSt,MissSt,Sr,122.9,Fantrax,
ncaa-014,Jaylon Glover,NCAA,RB,UNLV,UNLV,Sr,54.0,Fantrax,
ncaa-015,Dallan Hayden,NCAA,RB,Mem,Mem,Sr,42.0,Fantrax,
ncaa-016,Brandon High,NCAA,RB,UTSA,UTSA,Jr,13.0,Fantrax,
ncaa-017,Antwan Raymond,NCAA,RB,Rut,Rut,Jr,247.0,Fantrax,
ncaa-018,Kevin RIley,NCAA,RB,Bama,Bama,Jr,70.0,Fantrax,
ncaa-019,Durell Robinson,NCAA,RB,ColSt,ColSt,Jr,14.0,Fantrax,
ncaa-020,Braylen Russell,NCAA,RB,Ark,Ark,Jr,57.0,Fantrax,
ncaa-021,Jaden Bray,NCAA,WR,WVU,WVU,Sr,18.5,Fantrax,
ncaa-022,Braylon Burnside,NCAA,WR,Mem,Mem,So,0.0,Fantrax,
ncaa-023,Matthew Coleman,NCAA,WR,SacSt,SacSt,Sr,46.0,Fantrax,
ncaa-024,Johntay Cook,NCAA,WR,Miss,Miss,Sr,126.5,Fantrax,
ncaa-025,JJ Harrell,NCAA,WR,OD,OD,So,0.0,Fantrax,
ncaa-026,Carlos Hernandez,NCAA,WR,Wake,Wake,Sr,177.0,Fantrax,
ncaa-027,Brady Kluse,NCAA,WR,Mem,Mem,Jr,66.0,Fantrax,
ncaa-028,Micah Mays,NCAA,WR,Fla,Fla,Jr,69.0,Fantrax,
ncaa-029,Kaleb Webb,NCAA,WR,MD,MD,Sr,71.0,Fantrax,
ncaa-030,Joseph Williams,NCAA,WR,Colo,Colo,Jr,123.45,Fantrax,
ncaa-031,Tayvion Galloway,NCAA,TE,MidTN,MidTN,So,6.0,Fantrax,
ncaa-032,Preston Howard,NCAA,TE,MD,MD,Sr,24.0,Fantrax,
ncaa-033,Braylon McReynolds,NCAA,RB,UAB,UAB,Sr,104.0,Fantrax,
ncaa-034,Wayshawn Parker,NCAA,RB,Utah,Utah,Jr,184.75,Fantrax,
ncaa-035,Kenny Johnson,NCAA,WR,TxTch,TxTch,Sr,183.0,Fantrax,
ncaa-036,Dorian Fleming,NCAA,TE,MD,MD,Jr,127.0,Fantrax,
ncaa-037,Chase Sowell,NCAA,WR,PSU,PSU,Sr,106.0,Fantrax,
ncaa-038,Owen McCown,NCAA,QB,UTSA,UTSA,Sr,323.6,Fantrax,
ncaa-039,Devon Dampier,NCAA,QB,Utah,Utah,Sr,391.9,Fantrax,
ncaa-040,Zevi Eckhaus,NCAA,QB,WaSt,WaSt,Sr,245.55,Fantrax,
ncaa-041,Hauss Hejny,NCAA,QB,ColSt,ColSt,Fr,17.75,Fantrax,
ncaa-042,Mikey Keene,NCAA,QB,AzSt,AzSt,Sr,0.0,Fantrax,
ncaa-043,Julian Lewis,NCAA,QB,Colo,Colo,Fr,50.9,Fantrax,
ncaa-044,Kadin Semonza,NCAA,QB,Tul,Tul,Jr,0.0,Fantrax,
ncaa-045,Rodney Tisdale,NCAA,QB,W Ky,W Ky,So,136.35,Fantrax,
ncaa-046,Cedric Baxter,NCAA,RB,KY,KY,Jr,38.0,Fantrax,
ncaa-047,Kewan Lacy,NCAA,RB,Miss,Miss,Jr,345.0,Fantrax,
ncaa-048,Jaylin Lucas,NCAA,RB,Tul,Tul,Sr,35.0,Fantrax,
ncaa-049,Jamauri McClure,NCAA,RB,Tul,Tul,So,65.0,Fantrax,
ncaa-050,Nate Palmer,NCAA,RB,Wisc,Wisc,So,13.0,Fantrax,
ncaa-051,Christian Washington,NCAA,RB,SDSU,SDSU,Sr,87.0,Fantrax,
ncaa-052,Demitrius Bell,NCAA,WR,Neb,Neb,Jr,0.0,Fantrax,
ncaa-053,Coy Eakin,NCAA,WR,TxTch,TxTch,Sr,169.0,Fantrax,
ncaa-054,Cameron Flowers,NCAA,WR,W Ky,W Ky,So,56.45,Fantrax,
ncaa-055,Kyion Grayes,NCAA,WR,Cal,Cal,Jr,2.5,Fantrax,
ncaa-056,Nathan Leacock,NCAA,WR,UNC,UNC,Jr,8.5,Fantrax,
ncaa-057,Chris Marshall,NCAA,WR,Ark,Ark,Sr,110.0,Fantrax,
ncaa-058,Chrishon McCray,NCAA,WR,MSU,MSU,Sr,82.0,Fantrax,
ncaa-059,Derek Meadows,NCAA,WR,Bama,Bama,So,0.0,Fantrax,
ncaa-060,Jalen Moss,NCAA,WR,AzSt,AzSt,Sr,54.0,Fantrax,
ncaa-061,Elija Lofton,NCAA,TE,MiaFL,MiaFL,Jr,80.0,Fantrax,
ncaa-062,Randy Pittman,NCAA,TE,SMU,SMU,Sr,99.0,Fantrax,
ncaa-063,Austin Simmons,NCAA,TE,Wash,Wash,Fr,0.0,Fantrax,
ncaa-064,Kanye Roberts,NCAA,RB,App,App,Sr,0.0,Fantrax,
